Name,Website,Region
10up,https://10up.com/,Worldwide
15Five,https://www.15five.com,"Europe, Americas"
17hats,https://www.17hats.com/,Worldwide
18F,https://18f.gsa.gov/,Usa
1 Password,https://www.1password.com,"North America, Uk"
42 Technologies,https://www.42technologies.com/,Worldwide
abiturma,https://www.abiturma.de/,Germany
Ably,https://www.ably.io/,Europe
Abstract API,https://www.abstractapi.com,Worldwide
acct,https://acct.global,Worldwide
Acivilate,https://acivilate.com/,Usa
Acquia,https://www.acquia.com/,Worldwide
ActiveCampaign,https://www.activecampaign.com/,"Dublin, Ireland; Usa"
Ad Hoc,https://www.adhocteam.us/,Usa
Adaface,https://www.adaface.com,Asia
AddStructure,https://www.bazaarvoice.com/,Usa
Adeva,https://adevait.com/,"Asia, Africa, Europe, South America, Usa"
Adzuna,https://www.adzuna.co.uk/,Worldwide
AE Studio,https://ae.studio/,"Usa, Br"
Aerolab,https://aerolab.co/,Latin America
Aerostrat,https://aerostratsoftware.com/,Usa
AgFlow,https://www.agflow.com,Europe
Aha!,https://www.aha.io,Worldwide
Aim India,https://www.aimincorp.com/,India
Airbank,https://www.joinairbank.com/,"Europe, Americas, Africa, Western Asia"
Airbyte,https://airbyte.com/,"Europe, North America, Latin America"
AirGarage,https://www.airgarage.com/,Usa
AirTreks,https://www.airtreks.com/,Usa
Aivitex,https://aivitex.com/,Germany
Alami,https://alamisharia.co.id/en/,Indonesia
Alan,https://alan.com/,Europe    -Atul Kumar (Linkedin)
Algorithmia,https://alqorithmia.com/,North America
ALICE,https://aliceplatform.com,Worldwide
Alight Solutions,https://alight.com,Worldwide
Alley,https://alley.co,"Usa, Canada, Western Europe"
allyDVM,https://www.allydvm.com/,Usa
AlphaSights,https://engineering.alphasights.com,"Usa, Uk, (Est, Gmt)"
Amazon,https://www.amazon.jobs/en/locatio ns/virtual-locations,Worldwide
Ambaum,https://ambaum.com/,"Usa, Europe"
Andela,https://andela.com/,Worldwide
Animalz,https://www.animalz.co,Usa
Annertech,https://www.annertech.com,Ireland
Anomali,https://www.anomali.com/company/ careers,"Usa, Uk, Singapore"
apartment therapy,http://www.apartmenttherapy.com/,Usa
Appinio,https://appinio.com/,Europe
Applaudo,https://applaudostudios.com,Worldwide
Appstractor Corporation,https://www.appstractor.com/,"Usa, Uk, Israel"
Appwrite,https://appwrite.io,Worldwide
argyle,https://argyle.com/,Worldwide
ARK,https://www.ark.io/careers,Worldwide
Arkency,https://arkency.com/,Worldwide
Art & Logic,https://artandlogic.com,"Usa, Canada"
Artefactual Systems,https://www.artefactual.com,Utc-8 To Utc+2
Articulate,https://www.articulate.com,Worldwide
Astronomer,https://www.astronomer.io/,Usa
Atlassian,https://www.atlassian.com/,"Usa, Europe, Asia, Australia"
Audiense,https://www.audiense.com/,Worldwide
Aula Education,https://aula.education/,Worldwide
Auth0,https://auth0.com/,Worldwide    -Atul Kumar (Linkedin)
Axelerant,https://axelerant.com/,Worldwide
Axios,https://axios.com/,Usa
Bairesdev,https://bairesdev.com/,Worldwide
Balena,https://www.balena.io/,Worldwide
Balsamiq,https://balsamiq.com/,Worldwide
Bandcamp,https://bandcamp.com/,Worldwide
BandLab,https://bandlab.com/,Worldwide
Bandzoogle,https://bandzoogle.com/,Worldwide
Baremetrics,https://baremetrics.com/,Worldwide
Basecamp,https://basecamp.com/,Worldwide
Bear Group,https://www.beargroup.com/,Usa
BeBanjo,https://bebanjo.com/,Worldwide
BeenVerified,https://www.beenverified.com/,Worldwide
Best Practical Solutions,https://bestpractical.com/,Worldwide
Betable,https://corp.betable.com/,"Usa, Europe"
BetaPeak,https://betapeak.com/,Worldwide
BetterUp,https://www.betterup.com/,Usa
Beyond Company,https://beyondcompany.com.br/,Brazil
BeyondPricing,https://beyondpricing.com,"Usa, Europe"
Big Cartel,https://www.bigcartel.com,Usa
Bill,https://www.bill.com/,Usa
Bit Zesty,https://bitzesty.com/,Worldwide
Bitnami,https://bitnami.com/,Worldwide
Bitovi,https://bitovi.com/,Worldwide
Bizink,https://bizinkonline.com,Worldwide
Blameless,https://www.blameless.com/,North America
Bloc,https://www.bloc.io/,North America
BlueCat Networks,https://bluecatnetworks.com/,North America
Bluespark,https://www.bluespark.com/,Usa
Boldare,https://boldare.com,Worldwide    -Atul Kumar (Linkedin)
Bounteous,https://bounteous.com,Worldwide
Brainstorm Force,https://brainstormforce.com/,Worldwide
Brave Investments,https://www.crunchbase.com/organi zation/brave-investment,Brazil
Bright Funds,https://www.brightfunds.org,Usa
Brikl,https://www.brikl.com/,"North America, Asia"
BriteCore,https://britecore.com/,"Usa, Worldwide"
Broadwing,https://www.broadwing.io/,Worldwide
Buffer,https://buffer.com/,Worldwide
Bugfender,https://bugfender.com/,Worldwide
BuySellAds,https://www.buysellads.com/,Worldwide
Cabify,https://cabify.com/,Spain
Calamari,https://calamari.io/,Poland
Calibre,https://calibreapp.com/,Worldwide
CANCOM,https://www.cancom.com/,"Germany, Austria, Slovakia"
Canonical,https://www.canonical.com/,Worldwide
Capchase,https://www.capchase.com/,Worldwide
Capital One,https://www.capitalonecareers.com/t ech,Usa
Carbon Black,https://www.carbonblack.com/,Usa
Cards Against Humanity,https://cardsagainsthumanity.com/,Usa
CareCru,https://carecru.com,Worldwide
CareMessage,https://caremessage.org/careers/,Worldwide
CartoDB,https://cartodb.com/,Worldwide
CartStack,https://www.cartstack.com/,Worldwide
Casumo,https://www.casumo.com/,Europe
Celsius,https://celsius.network/,Worldwide
ChainLink Labs,https://chainlinklabs.com/,Usa
Chargify,https://www.chargify.com/,Usa
charity: water,https://www.charitywater.org/,Usa
Checkly,https://www.checklyhq.com,Europe (Cet -3 / Cet +3)
Chef,https://www.chef.io/,"Usa, Uk"
ChefsClub,https://www.chefsclub.com.br/,Brazil
Chess,https://www.chess.com/jobs/,Worldwide
Chroma,https://hichroma.com/,Worldwide
CircleCI,https://circleci.com/,Worldwide
Circonus,https://circonus.com/,Usa
CivicActions,https://civicactions.com/,Worldwide
Civo,https://www.civo.com,Worldwide
Clevertech,https://clevertech.biz/,Worldwide
ClickUp,https://clickup.com/,Worldwide
Clootrack,https://www.clootrack.com/,India
Close,https://close.com,Worldwide
CloudApp,https://getcloudapp.com,North America
Coalition Technologies,https://coalitiontechnologies.com/,Worldwide
Code Like a Girl,https://codelikeagirl.com,Australia
Codea IT,https://www.codeait.com,Worldwide
CodePen,https://codepen.io,Worldwide
CodeSandbox,https://codesandbox.io,Worldwide
Codeship,https://codeship.com/,Worldwide
Codestunts,https://codestunts.com/,Worldwide
Cofense,https://cofense.com,Usa
Coinbase,https://www.coinbase.com,Worldwide
Coingape,https://coingape.com/,India
Collabora,https://www.collabora.com/,Worldwide
Comet,https://www.comet.co/,France
Compose,https://www.compose.io/,Worldwide
Compucorp,https://www.compucorp.co.uk,Worldwide
Connexa,https://www.connexa.com/,Worldwide
ConsenSys,https://consensys.net/,Worldwide
Continu,https://www.continu.co/,Usa
Conversio,https://conversio.com/,Worldwide
Convert,https://www.convert.com,Worldwide
Coodesh,https://coodesh.com/,Brazil
Core-Apps,https://www.core-apps.com/,Usa
CoreOS,https://coreos.com/,Usa
Corgibytes,https://corgibytes.com,Usa East Coast
Coursera,https://www.coursera.org/,"Usa, Canada"
Crossover,https://www.crossover.com,Worldwide
Crowdstrike,https://www.crowdstrike.com,Worldwide
CrowdTangle,https://crowdtangle.com,Usa
Cueup,https://cueup.io/,Worldwide
Customer.io,https://customer.io,Worldwide
Cuvette,https://cuvette.tech,Worldwide
CVS Health,https://jobs.cvshealth.com/,Usa
CWT,https://www.mycwt.com/,Worldwide
Cyber Whale,https://cyberwhale.tech,Europe
Dalenys,https://dalenys.com/,Europe
DappRadar,https://dappradar.com/,Worldwide
DareCode,https://darecode.com/,Europe
DashboardHub,https://dashboardhub.io,Worldwide
Dashlane,https://dashlane.com,Worldwide
Data Science Brigade,https://dsbrigade.com/,Worldwide
Data Science Dojo,https://datasciencedojo.com/,Worldwide
DataCamp,https://www.datacamp.com/,Europe Or Comparable Timezone
Datadog,https://www.datadoghq.com/,Worldwide
DataStax,https://www.datastax.com/,Worldwide
Datica,https://datica.com/,Usa
DealDash,http://www.dealdash.com,Worldwide
Delighted,https://delighted.com,Worldwide
Deskpass,https://www.deskpass.com,Worldwide
Dev Spotlight,https://www.devspotlight.com,Worldwide
Devsquad,https://devsquad.com,Worldwide
Dgraph,https://dgraph.io/,Americas
DigitalOcean,https://www.digitalocean.com/,Worldwide
Digitise,https://jobs.gohire.io/digitise- xwcfqaab/,Worldwide
Discord,https://discord.com/,Usa
Discourse,https://www.discourse.org/,Worldwide
DNSimple,https://dnsimple.com/,Worldwide
Docker,https://www.docker.com,Usa
Doist,https://doist.com,Worldwide
Donut App,https://www.donut.app/,"Usa, Eu"
DroneDeploy,https://www.dronedeploy.com/,Worldwide
Dropbox,https://www.dropbox.com/,Worldwide
Drupal Jedi,https://drupaljedi.com/,Worldwide
DuckDuckGo,https://duckduckgo.com/,Worldwide
DynaPictures,https://dynapictures.com/,Worldwide
EarthOfDrones,https://earthofdrones.com/,Worldwide
EatStreet,https://eatstreet.com/,Usa
EBSCO Information Services,https://www.ebsco.com,Usa
Eco-Mind,https://eco-mind.eu/,Italy
Edgar,https://meetedgar.com/,"Usa, Canada"
Edgio,https://edg.io/,Worldwide
Edify,https://edify.cr/,Worldwide
eFishery,https://efishery.com/,Indonesia
Elastic,https://www.elastic.co/,Worldwide
Emsisoft,https://www.emsisoft.com/,Worldwide
EngineYard (Support Team),https://www.engineyard.com/,Worldwide
Enok,https://www.enok.co/,Usa
Entrision,https://entrision.com/,Usa
Envato,https://envato.com/,Worldwide
Envoy,https://envoy.com/,"Usa, Canada, Colombia"
Epam,https://epam.com/,Worldwide
Epic Games,https://www.epicgames.com/site/en -US/careers,Worldwide
Epilocal,https://www.epilocal.com/,Worldwide
Episource,https://episource.com,Usa
Equal Experts Portugal,https://www.equalexperts.com/cont act-us/lisbon/,Europe
Ergeon,https://www.ergeon.com/,Worldwide
Estately,https://www.estately.com/,Usa
Etch,https://etch.co,"Uk, Europe"
Etsy,https://www.etsy.com/,Worldwide
EVELO,https://evelo.com,Usa
Evil Martians,https://evilmartians.com/,Worldwide
Evrone,https://evrone.com/,Worldwide
ExportData,https://www.exportdata.io/,Worldwide
Eyeo (Adblock Plus),https://eyeo.com/,Worldwide
FactorialHR,https://www.factorialhr.com,Worldwide
Fairwinds,https://www.fairwinds.com,North America
Faithlife,https://www.faithlife.com/,"Usa, Mexico"
Fastly,https://www.fastly.com/,Worldwide
FATMAP,https://about.fatmap.com/careers,Europe
Fauna,https://www.fauna.com/,Worldwide
Featurist,https://www.featurist.co.uk/,Worldwide
Fetlife,https://fetlife.com/,Worldwide
FFW Agency,https://ffwagency.com/,Worldwide
Filament Group,https://www.filamentgroup.com/,Usa
Findify,https://findify.io,Utc+2 +- 2
Fire Engine Red,https://fire-enqine-red.com/,Worldwide
Fireball Labs,https://www.fireballlabs.com,Germany
Fiverr,https://www.fiverr.com/,"North America, Asia"
FivexL,https://fivexl.io,Worldwide
Flexera,https://www.flexera.com/,Usa
FlightAware,https://flightaware.com,Usa
Flip,https://flip.id,Indonesia
Flowing,https://flowing.it,Italy
Fly.io,https://fly.io,Worldwide
FMX,https://www.gofmx.com/,Usa
Focusnetworks,https://focusnetworks.com.br,Worldwide
fohandboh,https://fohandboh.com/,Worldwide
Formidable,https://www.formidable.com/,"Usa, Canada, Uk, Europe"
Formstack,https://www.formstack.com/,Worldwide
Four Kitchens,https://fourkitchens.com/,"North America, Latin America"
Fraudio,https://www.fraudio.com/,Europe
Freeagent,https://www.freeagent.com/,Worldwide
Freeletics,https://www.freeletics.com/,"Germany, Poland, Portugal"
Fuel Made,https://fuelmade.com/,Western North America
FullFabric,https://fullfabric.com/,Europe
Functionize,https://www.functionize.com/,Worldwide
Gaggle,https://www.gaggle.net/,Usa
Geckoboard,https://www.geckoboard.com,Uk
General Assembly,https://generalassemb.ly/,Worldwide
GEO Jobe,https://www.geo-jobe.com/,Usa
Gerencianet,https://gerencianet.com.br,Brazil
GFT,https://www.gft.com/,"Asia, Europe, Latin America, North America"
Ghost Foundation,https://ghost.org/,Worldwide
Ghost Inspector,https://g hostinspector.com,"North America, Latin America, Caribbean"
Giant Swarm,https://qiantswarm.io,Europe
GigSalad,https://www.gigsalad.com/,Usa
Gitbook,https://www.gitbook.com/,France
GitHub,https://github.com/,Worldwide
GitLab,https://about.gitlab.com/,Worldwide
GitPrime,https://gitprime.com/,Worldwide
Glenn Website Design,https://glennwebsitedesign.com/,Worldwide
Glitch,https://www.glitch.com/,Worldwide
Gluware,https://g luware.co m/,"Usa, Uk"
GoDaddy,https://www.godaddy.com/,Worldwide
GoHiring,https://www.gohiring.com/,Worldwide
Gojob,https://gojob.com/,France
Gorman Health Group,https://conveyhealthsolutions.com/,Usa
GotSoccer,https://www.gotpro.com/,Usa
Grafana Labs,https://grafana.com/,Usa And Emea/Est Timezones
Granicus,https://granicus.com/,"Usa, Uk, Australia, India"
Graylog,https://www.graylog.org/,Worldwide
Gremlin,https://gremlin.com,Usa
Gridium,https://gridium.com,Usa
Groove,https://www.groovehq.com,Worldwide
Grou.ps,https://build.gr.ps,Worldwide
Grubhub,https://www.g rubhub.com/,Usa / Worldwide
Gruntwork,https://www.g ru ntwork.io/,Worldwide
GuideSmiths,https://www.guidesmiths.com/,Europe
Hack Reactor Remote,https://www.hackreactor.com/remot e/,Pacific Time Zone (Pt)
Hanno,https://hanno.co/,Worldwide
Hanzo,https://hanzo.co,"Usa, Uk, Europe"
Happy Cog,https://happycog.com/,Usa
Harvest,https://www.getharvest.com/,Worldwide
Hashex,https://hashex.org/,"Us, Asia, Europe"
HE:labs,https://www.helabs.com,Worldwide
Headway,https://www.headway.io/,Usa
Healthfinch,https://www.healthfinch.com/,Usa
Heap,https://heapanalytics.com/,Worldwide
Heetch,https://heetch.com/,Central Europe Time (Cet) +/1H
Help Scout,https://www.helpscout.net/,Worldwide
Heroku,https://www.heroku.com/,"Usa, Ca, Uk, Europe"
Hireology,https://www.hireology.com,Usa
HomeFlicWeGrow,https://www.homeflicwegrow.com/,India
HomeValet,https://homevalet.co,Usa
Honeybadger,https://www.honeybadger.io/,Worldwide
Honeycomb,https://honeycomb.tv/,Worldwide
Hopper,https://www.hopper.com/,"Usa, Ca, Uk, Bg, Ph, Co"
Hotjar,https://careers.hotjar.com/,Worldwide
Hudl,https://www.hudl.com/,"Usa, Uk"
Hugo,https://hugo.events,Worldwide
Human Made,https://hmn.md,Worldwide
HUSL Digital,https://husldigital.com,Usa
Hypergiant,https://www.hypergiant.com/contact /,Worldwide
Hyperion,https://hyperiondev.com/jobs,South Africa
Hypothesis,https://hypothes.is,Worldwide
IBM,https://www.ibm.com,Worldwide
iClinic,https://iclinic.com.br/,Brazil
IDoneThis,https://idonethis.com/,Worldwide
iFit,https://www.ifit.com/,Usa
Igalia,https://www.igalia.com/,Europe
Imagine Learning,https://www.imaginelearning.com,Usa
Impala,https://www.getimpala.com/,Europe
Impira,https://www.impira.com/,Usa
Implisense,https://implisense.com/,Germany
Infinite Red,https://infinite.red,"Usa, Ca"
InfluxData,https://influxdata.com,"Usa, Uk, De, It"
Inpsyde,https://inpsyde.com/en/,Europe
InQuicker,https://inquicker.com,"Usa, Ca"
Inshorts,https://www.inshorts.com/,India
Instamobile,https://instamobile.io,Worldwide
Instructure,https://www.instructure.com/,"Europe, North America, Oceania"
Intellum,https://www.intellum.com,Usa
Interactive Intelligence,https://www.inin.com/,Worldwide
Intercom,https://www.intercom.io/,Worldwide
Interpersonal Frequency (I.F.),https://ifsight.com/,Worldwide
Intevity,https://www.intevity.com/,Usa
Intuit Inc.,https://www.intuit.com/,Worldwide
"Intuition Machines, Inc",https://www.imachines.com/,Worldwide
InVision,https://www.invisionapp.com/,Worldwide
IOHK,https://iohk.io/,Worldwide
IOpipe,https://www.iopipe.com,Usa
iOS App Templates,https://www.iosapptemplates.com/,Worldwide
IPInfo,https://ipinfo.io/,Worldwide
"IPS Group, Inc.",https://www.ipsgroupinc.com/,Usa
IQVIA,https://jobs.iqvia.com/our-company,Worldwide
iRonin,https://www.ironin.it/,Worldwide
Iterative,https://www.iterative.ai/,Worldwide
iwantmyname,https://iwantmyname.com/,Worldwide
Jackson River,https://jacksonriver.com/,Usa
Jaya Tech,https://jaya.tech/,Worldwide
JBS Custom Software Solutions,https://www.jbssolutions.com/,Usa
Jitbit,https://www.jitbit.com/,Worldwide
Jitera,https://iruuza-inc.com/,Worldwide
Jolly Good Code,https://www.jollyqoodcode.com,Worldwide
journy.io,https://www.journy.io,Europe
Joyent,https://www.joyent.com/careers/,"Usa, Uk, Canada, Sk, Sg"
JupiterOne,https://www.jupiterone.com/careers/,Usa
Kaggle,https://kaggle.com/,Worldwide
kea,https://kea.ai,North And Latin America
Keen IO,https://keen.io/,Worldwide
Kentik,https://www.kentik.com/careers,"Usa, Europe, Apac"
Khan Academy,https://www.khanacademy.org/,Usa
KickBack Rewards Systems,https://careers.kickbacksystems.com,Usa
Kinsta,https://kinsta.com,Worldwide
Kiprosh,https://kiprosh.com,"Usa, India"
Kissmetrics,https://www.kissmetrics.com/,Worldwide
Klaviyo,https://www.klaviyo.com/,"Usa, Uk"
Knack,https://www.knack.com,Usa
Kodify,https://kodify.io,Worldwide
Koding,https://koding.com,Worldwide
Komoot,https://www.komoot.com,Worldwide
Kona,https://www.heykona.com,Worldwide
Konkurenta,https://konkurenta.com,Eu
Kraken,https://kraken.com,Worldwide
Kuali,https://kuali.co,Usa
Labelbox,https://labelbox.com/,Worldwide
Lambda School,https://www.lambdaschool.com/,"Usa, Europe"
Lambert Labs,https://lambertlabs.com/,Uk
LaterPay,https://www.laterpay.net/,Worldwide
Leadership Success,https://www.leadershipsuccess.co/,Worldwide
Leadfeeder,https://www.leadfeeder.com,"Europe, North America"
LeadIQ,https://leadiq.com/,Worldwide
Let's Encrypt,https://letsencrypt.org,"Usa, Canada"
Lifetime Value Company,https://www.ltvco.com/,Worldwide
Lightbend,https://www.lightbend.com/,Worldwide
Lightspeed,https://www.lightspeedhq.com/,Worldwide
Linaro,https://www.linaro.org/,Worldwide
Lincoln Loop,https://lincolnloop.com/,Usa
LINE Plus Corporation,https://linepluscorp.com/,Republic Of Korea
Link11,https://www.link11.com/,Germany
Linux Foundation,https://www.linuxfoundation.org/,Worldwide
LionSher,https://lionsher.com/careers/,Worldwide
Litmus,https://litmus.com/,Worldwide
LivePerson,https://www.liveperson.com/compa ny/careers,Worldwide
Loadsys Web Strategies,https://www.loadsys.com,Usa
Localistico,https://localistico.com,Worldwide
LogDNA,https://logdna.com,Worldwide
Lullabot,https://www.lullabot.com/,Worldwide
Luxoft,https://www.luxoft.com/,Worldwide
Lyseon Tech,https://lt.coop.br/,Brazil
Lytx,https://www.lytx.com/en-us/about- us/careers,Usa
madewithlove,https://madewithlove.com,Utc-5 To Utc+3
Madisoft,https://labs.madisoft.it/,Italy
MailerLite,https://www.mailerlite.com,Worldwide
Manifold,https://manifold.co,Utc-9 To Utc+1
Mapbox,https://www.mapbox.com/,Worldwide
Marco Polo,https://marcopolo.me,North America
Marketade,https://www.marketade.com,Usa
MarsBased,https://marsbased.com/,Worldwide
Massive Pixel Creation,https://massivepixel.io,Poland
Mayvue,https://mayvue.com/,Usa
Mediacurrent,https://www.mediacurrent.com/,Usa
Mediavine,https://www.mediavine.com/,Usa
Medium,https://medium.com/,Usa
Memberful,https://memberful.com,Worldwide
Memory,https://memory.ai/,Worldwide
Mercari,https://about.mercari.com/en/,Japan
Merico,https://merico.dev/,Worldwide
MeridianLink,https://meridianlink.com/,Usa
MetaLab,https://metalab.co,Worldwide
MetaMask,https://metamask.io,Worldwide
MeteorOps,https://meteorops.com,Worldwide
Microsoft,https://www.microsoft.com/,Worldwide
Mindful,https://getmindful.com/,Worldwide
Mixcloud,https://www.mixcloud.com/,Europe
Mixmax,https://mixmax.com,Worldwide
MixRank,https://mixrank.com,Worldwide
Mobile Jazz,https://mobilejazz.com,Worldwide
Modern Health,https://www.modernhealth.com/,Usa
Modern Tribe,https://tri.be/,Worldwide
Modsquad,https://modsquad.com/,Worldwide
Molteo,https://molteo.com/,Worldwide
MongoDB,https://mongodb.com,Worldwide
Monthly,https://monthly.com,North America
Mozilla,https://www.mozilla.org/,North America
mtc.,https://www.mtcmedia.co.uk,"Uk, Europe"
Muck Rack,https://muckrack.com,Worldwide
Mux,https://mux.com,Worldwide
Mycelium,https://mycelium.ventures/,"North America, Europe, Oceania"
MySQL,https://www.mysql.com/,Worldwide
Nagarro,https://www.nagarro.com/en,Worldwide
NetApp,https://www.netapp.com/,Worldwide
Netguru,https://www.netguru.com,Worldwide
Netris,https://www.netris.ai,Worldwide
Netsparker,https://www.netsparker.com/,Worldwide
Nettl Edinburgh,https://www.webdesignedinburgh.c om,"Uk, Europe"
New Context,https://www.newcontext.com/,Usa
NEXT,https://www.nexttrucking.com/,Usa
No Code No Problem,https://www.nocodenoprob.com/,Worldwide
NodeSource,https://nodesource.com/,Worldwide
NoRedInk,https://noredink.com,Utc-8 To Utc+1
Novoda,https://www.novoda.com/,"Uk, Europe"
npm,https://www.npmjs.com/,Usa
Nuage,https://nuagebiz.tech/,India
Nuna,https://www.nuna.com/,Usa
Nvidia,https://www.nvidia.com/,Worldwide
O'Reilly Media,https://www.oreilly.com/,"Usa, Uk, Jpn, Chn"
O'Reilly Online Learning,https://www.oreilly.com/,Worldwide
Ocient,https://ocient.com,"Usa, Europe, India"
Octopus Deploy,https://octopus.com/,Worldwide
Oddball,https://oddball.io/,Usa
Okta,https://www.okta.com,Worldwide
Olark,https://www.olark.com/,Utc-8 To Utc+1
Olist,https://olist.com/,Brazil
Ollie,https://www.myollie.com,Usa
Ollie Order,https://ollieorder.com/,Canada
Olo,https://www.olo.com/,Usa
OmbuLabs,https://www.ombulabs.com/,Worldwide
OmniTI,https://omniti.com/,Usa
Onna,https://onna.com/,"Usa, Europe"
Opencity Labs,https://opencitylabs.it/,Italy
OpenCraft,https://opencraft.com/,Worldwide
OpenZeppelin,https://openzeppelin.com/,Worldwide
Optoro,https://www.optoro.com/,Worldwide
Oracle,https://www.oracle.com/,Worldwide
Ordermentum,https://www.ordermentum.com/,Australia
Our-Hometown Inc.,https://our-hometown.com/,Usa
OutsourcingDev,https://www.outsourcingdev.com/,Worldwide
Over,https://www.madewithover.com/,Worldwide
Packlink,https://www.packlink.com/,Utc+2
Pagepro,https://pagepro.co,"Uk, Pl, Europe"
PagerDuty,https://pagerduty.com,Usa
Paktor,https://www.gopaktor.com/,Worldwide
Palantir.net,https://www.palantir.net/,Usa
Panther Labs,https://runpanther.io/,"Usa, Greece"
Parabol,https://www.parabol.co/,Worldwide
Park Assist,https://tech.parkassist.com,Utc-8 To Utc+2
Parsely,https://www.parse.ly/,Worldwide
Particular Software,https://particular.net,Worldwide
Pathable,https://pathable.com/,Worldwide
Payfully,https://www.payfully.co,Worldwide
Paylocity,https://www.paylocity.com/,Usa
PayScale,https://www.payscale.com/,Usa
Paytm Labs,https://paytmlabs.com/,"Canada, Usa"
PayU,https://corporate.payu.com,Worldwide
Peachworks,https://www.getbeyond.com/peach works-restaurant-management- software/,Usa
PeopleDoc,https://www.people-doc.com,Europe
Percona,https://www.percona.com,Worldwide
Pex,https://pex.com,Worldwide
Platform Builders,https://platformbuilders.io/,Worldwide
Platform.sh,https://platform.sh/,Worldwide
Pleo,https://www.pleo.io/,East American / European / African Timezones
Plex,https://plex.tv,Worldwide
PNC Financial Services,https://www.pnc.com/,Usa
Polygon,https://polygon.technology/careers/ #all-roles,Worldwide
PowerSchool,https://www.powerschool.com/,North America / India
Pragma,https://www.pragma.co/,Latin America
Precision Nutrition,https://www.precisionnutrition.com/,Worldwide
Predict Mobile,https://predictmobile.com/,Uk
Prelude,https://www.prelude.co/,Usa
PreviousNext,https://www.previousnext.com.au/,Australia
Prezi,https://prezi.com/jobs/,"Europe, North America"
Prezly,https://www.prezly.com/,Worldwide
PricewaterhouseCoope rs,https://www.pwc.com,Usa
Primer,https://primer.io/careers,Worldwide
Prisma,https://www.prisma.io/,Worldwide
PrivacyCloud,https://www.p rivacycloud.com/en,Spain
Procenge Tecnologia,https://www.procenge.com.br,Brazil
Procurify,https://procurify.com/careers,Canada
Progress Engine,https://www.progress- engine.com/en,Worldwide
Prominent Edge,https://prominentedge.com/careers,Worldwide
Puppet,https://puppet.com/,Worldwide
Quaderno,https://quaderno.io/,Europe
Quantify,https://quantifyhq.com,Worldwide
QuestDB,https://questdb.io,Worldwide
Quora,https://www.quora.com,Worldwide
Raft,https://qoraft.tech,Usa
Rainforest QA,https://www.rainforestqa.com/jobs/,Worldwide
Rakuten Travel Xchange,https://solutions.travel.rakuten.com,Worldwide
Ramp,https://www.ramp.com/,Worldwide
Reaction Commerce,https://reactioncommerce.com/care ers/,Worldwide
"ReactiveOps, Inc.",https://www.reactiveops.com,Usa
real.digital,https://www.real-digital.de,Europe Utc-1 To Utc+2
RealtimeCRM,https://realtimecrm.co.uk/,Worldwide
RebelMouse,https://www.rebelmouse.com/,Worldwide
Reboot Studio,https://www.reboot.studio/,Worldwide
ReCharge,https://rechargepayments.com/,Worldwide
Recurly,https://recurly.com/,Usa
Red Hat,https://www.redhat.com,Worldwide
Reddit,https://www.redditinc.com,Usa
RedMonk,https://redmonk.com,Worldwide
Redox,https://www.redoxengine.com/,Usa
Reducer,https://reducer.co.uk,Uk
reinteractive,https://reinteractive.com/careers,Worldwide
Remote Garage,http://www.remotegarage.dub/,India
RemoteBase,https://remotebase.com,Worldwide
RenoFi,https://renofi.com/,Worldwide
Replit,https://replit.com,Worldwide
Research Square,https://www.researchsquare.com/,Usa
Revolut,https ://www.revo lut.com/,Worldwide
Roadtrippers,https://www.roadtrippers.com,Usa
Rocket.Chat,https://rocket.chat,Worldwide
rtCamp,https://rtcamp.com,Worldwide
Safeguard Global,https://www.safeguardglobal.com/,Worldwide
Salesforce,https://www.salesforce.com/,Worldwide
Scalac,https://scalac.io/,Worldwide
Scandit,https://scandit.com,Worldwide
Scopic Software,https://scopicsoftware.com/,Worldwide
ScrapingBee,https://www.scrapingbee.com/,Worldwide
Scrapinghub,https://scrapinqhub.com/,Worldwide
ScyllaDB,https://scylladb.com/,Worldwide
Seaplane,https://www.seaplane.io/,Worldwide
SecurityScorecard,https://securityscorecard.com/,Utc -3 To -5
Seeq,https://www.seeq.com,"Usa, Worldwide"
Semaphore,https://semaphoreci.com,Europe
Sendwave,https://www.sendwave.com/,Worldwide
SerpApi,https://serpapi.com/,Worldwide
Server Density,https://www.serverdensity.com,Europe
ServMask,https://servmask.com,Worldwide
Session,https://getsession.com,Worldwide
Shareup,https://shareup.app,Europe
Shippabo,https://shippabo.com,North America
Shogun,https://getshogun.com,Worldwide
Shopify,https://www.shopify.com,Worldwide
Sigma Defense,https://sigmadefense.com,Usa
SignEasy,https://signeasy.com/,Worldwide
Silverfin,https://www.silverfin.com/,Worldwide
simplabs,https://simplabs.com/,"Europe, Americas"
SimpleTexting,https://simpletexting.com/,Worldwide
Six to Start,https://sixtostart.com,Worldwide
Skillcrush,https://skillcrush.com,Worldwide
Skillshare,https://www.skillshare.com/teach,Worldwide
Skyrocket Ventures,https://www.skyrocketventures.com/,Worldwide
SmartCash,https://www.smartcash.cc/,Worldwide
Smile.io,https://smile.io,Worldwide
Smmile Digital,https://smmile.com,Singapore
Socket Supply Co.,https://socketsupply.co,Worldwide
SoftwareMill,https://softwaremill.com/,Europe
Sommo,https://www.sommo.io/,Worldwide
Soostone,https://www.soostone.com/,Usa
Soshace,https://www.soshace.com/,Worldwide
Spoqa,https://spoqa.co.kr/,"Republic Of Korea, Japan"
Spotify,https://www.spotify.com/,Worldwide
Spreaker,https://spreaker.com/,"Usa, Europe"
Spreedly,https://spreedly.com/,Usa
Spruce,https://getspruce.com/,"North America, Latin America"
Stack Exchange,https://stackexchange.com/,Worldwide
Stairlin,https://www.stairlin.com/,Worldwide
Status,https://www.status.im/,Worldwide
Stencil,https://getstencil.com/,"Usa, Canada"
Sticker Mule,https://www.stickermule.com/,Worldwide
Stitch Fix,https://www.stitchfix.com,Usa
StoneCo,https://www.stone.co/,Brazil
StormX,https://stormx.io/,Worldwide
Strapi,https://strapi.io/careers,Worldwide
StreamNative,https://streamnative.io/careers/,Worldwide
Stripe,https://stripe.com/,Worldwide
StudySoup,https://studysoup.com/,Worldwide
Superplayer & Co,https://superplayer.company/,"Brazil, Latin America"
Surevine,https://www.surevine.com/,Uk
SUSE,https://www.suse.com/,Worldwide
Sutherland CloudSource,https://www.sutherlandcloudsource. com,Worldwide
SweetRush,https://www.sweetrush.com,Worldwide
Swimlane,https://www.swimlane.com,Usa
SysdigD,https://sysdig.com/,Usa
Tag1 Consulting,https://tag1consulting.com/,Worldwide
Taplytics,https://taplytics.com/,"Usa, Canada"
Taskade,https://taskade.com/,Worldwide
TatvaSoft,https://www.tatvasoft.com/,Worldwide
TaxJar,https://www.taxjar.com,Usa
Teamflow,https://www.teamflowhq.com/,Worldwide
TeamSnap,https://www.teamsnap.com,Usa
TeamUltra,https://www.computacenter.com/,Uk
TED,https://www.ted.com/,"Usa, Ca, Brazil"
Teleport,https://teleport.org/,Usa< Europe
Telerik,https://www.telerik.com/,Worldwide
Telestax,https://telestax.com/,Worldwide
Tenable,https://www.tenable.com/,"Worldwide, Primarily Usa"
Teravision Technologies,https://teravisiontech.com/,Latin America
Test Double,https://testdouble.com/,North America
TestGorilla,https://www.testgorilla.com/,Worldwide
The Crafters Lab,https://thecrafterslab.eu/,Worldwide
The Grid,https://thegrid.io/,Worldwide
The Publisher Desk,https://www.publisherdesk.com,"Uk, Usa"
The Scale Factory,https://www.scalefactory.com/,Uk
The Wirecutter,https://thewirecutter.com/,Worldwide
TheoremOne,https://theoremone.co/,Utc-10 To Utc+2
Thinkful,https://www.thinkful.com/,Worldwide
Third Iron,https://thirdiron.com/,Usa
Thorn,https://thorn.org/,Usa
TimeSpot,https://timespothq.com/,Worldwide
Tipe,https://tipe.io,Usa
Toast,https://pos.toasttab.com/,"Usa, Ireland"
toggl,https://toggl.com/,Worldwide
Toptal,https://www.toptal.com/,Worldwide
Tower,https://www.git-tower.com/,Worldwide
Transition Technologies -Advanced Solutions,http://www.tt.com.pl/,Poland
Transloadit,https://transloadit.com/,Worldwide
Travis,https://travistravis.co,Worldwide
Travis CI,https://travis-ci.org/,Worldwide
Treehouse,https://teamtreehouse.com/,Usa
Trello,https://trello.com/,"Asia, Europe, North America, Oceania"
Truelogic,https://www.truelogicsoftware.com/,Latin America
TrussWorks,https://truss.works,Usa
Tuft & Needle,https://www.tuftandneedle.com/,Usa
Turing,https://www.turing.com/,Worldwide
Twilio,https://www.twilio.com/,Worldwide
Two,https://www.two.ai/,"Usa, India, Korea"
Udacity,https://www.udacity.com/,Worldwide
Uhuru,https://u huru network.co m/,Worldwide
Uncapped,https://weareuncapped.com/,"Europe, Usa"
Upwork Pro,https://www.upwork.com,North America
Upworthy,https://www.upworthy.com/,"Worldwide, Time Zone: Pst, Pdt"
USAA,https://usaa.com,Usa
Ushahidi,https://www.ushahidi.com,Worldwide
uShip,https://www.uship.com,Usa
Valimail,https://www.valimail.com/,Usa
Varnish Software,https://www.varnish- software.com/about-us,Worldwide
vast limits,https://vastlimits.com/,Germany
Vercel,https://vercel.com/,Worldwide
Veryfi,https://veryfi.com/about,Worldwide
Viperdev,https://viperdev.io,Worldwide
Virta Health,https://www.virtahealth.com,Usa
VMware,https://www.vmware.com/in.html,Worldwide
Vox Media (Product Team),https://www.voxmedia.com/,"Usa, Uk"
Voxy,https://boards.greenhouse.io/voxy,"Brazil, Usa"
VSHN,https://vshn.ch/jobs,Switzerland
WalletHub,https://wallethub.com/jobs/,Usa
WebDevStudios,https://webdevstudios.com/,Usa
WebFX,https://www.webfx.com,Worldwide
Webikon,https://www.webikon.sk/en/,Worldwide
Webrunners,https://www.webrunners.de/en/,Europe
Wells Fargo,https://www.wellsfarqo.com/,Usa
wemake.services,https://wemake.services/,Worldwide
WeMakeMVP,https://www.wemakemvp.com/,Worldwide
Whitecap SEO,https://www.whitecapseo.com/,Usa
Whitespectre,https://whitespectre.com,Worldwide
WikiHow,https://www.wikihow.com/wikiHow: About-wikiHow,Pst Timezone
Wikimedia Foundation,https://wikimediafoundation.orq,Worldwide
Wildbit,https://wildbit.com/,Worldwide
Wizeline,https://www.wizeline.com/,Worldwide
Wolfram,https://www.wolfram.com,Worldwide
Wolverine Trading,https://www.wolve.com/,"Usa, Uk"
Wombat Security Technologies,https://www.wombatsecurity.com/,Usa
WP-Media,https://wp-media.me/,Worldwide
X-Team,https://x-team.com/,Worldwide
Xapo,https://xapo.com/en/,Worldwide
XP Inc,https://www.xpi.com.br/,Brazil
Yandex,https://yandex.com/,Worldwide
YAZIO,https://www.yazio.com/en/jobs,Europe
Yodo1,https://www.yodo1.com/en/,Worldwide
Yonder,https://www.yonder.io,Worldwide
You Need A Budget,https://www.youneedabudqet.com/,Worldwide
YouCanBook.me Ltd,https://youcanbook.me,Worldwide
ZAMP,https://zamp.com.br/,Brazil
Zapier,https://zapier.com/,Worldwide
Zeit.io,https://zeit.io/,"Germany, The Netherlands, Spain, Chile"
ZenRows,https://www.zenrows.com/,Worldwide
Zignaly.com,https://zignaly.io/,Worldwide
Zip.co,https://zip.co/us/,"Usa, Canada"
Zolar,https://www.zolar.de/,Germany
Zup,https://zup.com.br/,Brazil    -Atul Kumar (Linkedin)
